Item Number,Status,Date,Remaining Stock
768,Order Completed,2019-04-02 19:30:03.946374,8
768,Order Completed,2019-04-02 19:30:04.146772,7
666,Order Completed,2019-04-02 19:30:04.342414,5
546,Order Completed,2019-04-02 19:30:04.541095,5
546,Order Completed,2019-04-02 19:30:04.734913,4
546,Order Completed,2019-04-02 19:30:04.933950,3
666,Order Completed,2019-04-02 19:30:05.132309,4
666,Order Completed,2019-04-02 19:30:05.327987,3
321,Order Completed,2019-04-02 19:30:05.529691,3
768,Order Completed,2019-04-02 19:30:05.730361,6
321,Order Completed,2019-04-02 19:30:05.930678,2
768,Order Completed,2019-04-02 19:30:06.128527,5
321,Order Completed,2019-04-02 19:30:06.327896,1
546,Order Completed,2019-04-02 19:30:06.531928,2
321,Order Completed,2019-04-02 19:30:06.732984,0
768,Order Completed,2019-04-02 19:30:06.934935,4
546,Order Completed,2019-04-02 19:30:07.135600,1
321,Order Failed,2019-04-02 19:30:07.330183,0
768,Order Completed,2019-04-02 19:30:07.527810,3
546,Order Completed,2019-04-02 19:30:07.735205,0
546,Order Failed,2019-04-02 19:30:07.930095,0
768,Order Completed,2019-04-02 19:30:08.140115,2
321,Order Completed,2019-04-02 19:30:08.335273,12
546,Order Completed,2019-04-02 19:30:08.529078,6
546,Order Completed,2019-04-02 19:30:08.726392,5
546,Order Completed,2019-04-02 19:30:08.925138,4
768,Order Completed,2019-04-02 19:30:09.125147,1
768,Order Completed,2019-04-02 19:30:09.327574,0
546,Order Completed,2019-04-02 19:30:09.533389,3
546,Order Completed,2019-04-02 19:30:09.734942,2
546,Order Completed,2019-04-02 19:30:09.930623,1
768,Order Failed,2019-04-02 19:30:10.120067,0
321,Order Completed,2019-04-02 19:30:10.314519,11
321,Order Completed,2019-04-02 19:30:10.509204,10
666,Order Completed,2019-04-02 19:30:10.704433,2
321,Order Completed,2019-04-02 19:30:10.896158,9
546,Order Completed,2019-04-02 19:30:11.093745,0
546,Order Failed,2019-04-02 19:30:11.281597,0
666,Order Completed,2019-04-02 19:30:11.477099,1
666,Order Completed,2019-04-02 19:30:11.675122,0
768,Order Failed,2019-04-02 19:30:11.868783,0
546,Order Failed,2019-04-02 19:30:12.062278,0
666,Order Failed,2019-04-02 19:30:12.253609,0
546,Order Failed,2019-04-02 19:30:12.442150,0
321,Order Completed,2019-04-02 19:30:12.634982,8
546,Order Failed,2019-04-02 19:30:12.824788,0
546,Order Failed,2019-04-02 19:30:13.007271,0
666,Order Failed,2019-04-02 19:30:13.195223,0
768,Order Completed,2019-04-02 19:30:13.386204,9
321,Order Completed,2019-04-02 19:30:13.583314,7
768,Order Completed,2019-04-02 19:30:13.775520,8
768,Order Completed,2019-04-02 19:30:13.972316,7
768,Order Completed,2019-04-02 19:30:14.173857,6
321,Order Completed,2019-04-02 19:30:14.372429,6
546,Order Completed,2019-04-02 19:30:14.568747,11
546,Order Completed,2019-04-02 19:30:14.764899,10
666,Order Completed,2019-04-02 19:30:14.957978,15
321,Order Completed,2019-04-02 19:30:15.154052,5
666,Order Completed,2019-04-02 19:30:15.353959,14
768,Order Completed,2019-04-02 19:30:15.549599,5
321,Order Completed,2019-04-02 19:30:15.745154,4
768,Order Completed,2019-04-02 19:30:15.943791,4
666,Order Completed,2019-04-02 19:30:16.149305,13
321,Order Completed,2019-04-02 19:30:16.344594,3
768,Order Completed,2019-04-02 19:30:16.540389,3
666,Order Completed,2019-04-02 19:30:16.736139,12
321,Order Completed,2019-04-02 19:30:16.933295,2
666,Order Completed,2019-04-02 19:30:17.128065,11
768,Order Completed,2019-04-02 19:30:17.322455,2
666,Order Completed,2019-04-02 19:30:17.514111,10
546,Order Completed,2019-04-02 19:30:17.715224,9
666,Order Completed,2019-04-02 19:30:17.915030,9
768,Order Completed,2019-04-02 19:30:18.111202,1
546,Order Completed,2019-04-02 19:30:18.312700,8
546,Order Completed,2019-04-02 19:30:18.515555,7
768,Order Completed,2019-04-02 19:30:18.713157,0
768,Order Failed,2019-04-02 19:30:18.902652,0
768,Order Failed,2019-04-02 19:30:19.096398,0
666,Order Completed,2019-04-02 19:30:19.296908,8
546,Order Completed,2019-04-02 19:30:19.494371,6
321,Order Completed,2019-04-02 19:30:19.692722,1
546,Order Completed,2019-04-02 19:30:19.896286,5
546,Order Completed,2019-04-02 19:30:20.113621,4
768,Order Failed,2019-04-02 19:30:20.319418,0
768,Order Failed,2019-04-02 19:30:20.526442,0
666,Order Completed,2019-04-02 19:30:20.728519,7
546,Order Completed,2019-04-02 19:30:20.929475,3
666,Order Completed,2019-04-02 19:30:21.128353,6
666,Order Completed,2019-04-02 19:30:21.330280,5
768,Order Failed,2019-04-02 19:30:21.520720,0
768,Order Failed,2019-04-02 19:30:21.710455,0
768,Order Failed,2019-04-02 19:30:21.899056,0
546,Order Completed,2019-04-02 19:30:22.097110,2
546,Order Completed,2019-04-02 19:30:22.286085,1
321,Order Completed,2019-04-02 19:30:22.481545,0
321,Order Failed,2019-04-02 19:30:22.667278,0
321,Order Failed,2019-04-02 19:30:22.857257,0
546,Order Completed,2019-04-02 19:30:23.053411,0
768,Order Failed,2019-04-02 19:30:23.250704,0
546,Order Completed,2019-04-02 19:30:23.455118,5
546,Order Completed,2019-04-02 19:30:23.652635,4
768,Order Completed,2019-04-02 19:30:23.848498,15
546,Order Completed,2019-04-02 19:30:24.053862,3
546,Order Completed,2019-04-02 19:30:24.257303,2
768,Order Completed,2019-04-02 19:30:24.461159,14
546,Order Completed,2019-04-02 19:30:24.651538,1
666,Order Completed,2019-04-02 19:30:24.850908,4
546,Order Completed,2019-04-02 19:30:25.049261,0
666,Order Completed,2019-04-02 19:30:25.248521,3
546,Order Failed,2019-04-02 19:30:25.437893,0
321,Order Completed,2019-04-02 19:30:25.636813,12
666,Order Completed,2019-04-02 19:30:25.839064,2
321,Order Completed,2019-04-02 19:30:26.067281,11
321,Order Completed,2019-04-02 19:30:26.266365,10
666,Order Completed,2019-04-02 19:30:26.461898,1
666,Order Completed,2019-04-02 19:30:26.659049,0
321,Order Completed,2019-04-02 19:30:26.861081,9
546,Order Failed,2019-04-02 19:30:27.052954,0
768,Order Completed,2019-04-02 19:30:27.248536,13
546,Order Failed,2019-04-02 19:30:27.440234,0
666,Order Failed,2019-04-02 19:30:27.633391,0
768,Order Completed,2019-04-02 19:30:27.825580,12
321,Order Completed,2019-04-02 19:30:28.023749,8
666,Order Failed,2019-04-02 19:30:28.215837,0
666,Order Completed,2019-04-02 19:30:28.413775,12
546,Order Completed,2019-04-02 19:30:28.607905,6
321,Order Completed,2019-04-02 19:30:28.808315,7
546,Order Completed,2019-04-02 19:30:29.006866,5
321,Order Completed,2019-04-02 19:30:29.202836,6
321,Order Completed,2019-04-02 19:30:29.407832,5
321,Order Completed,2019-04-02 19:30:29.608209,4
321,Order Completed,2019-04-02 19:30:29.806645,3
768,Order Completed,2019-04-02 19:30:30.003499,11
768,Order Completed,2019-04-02 19:30:30.203470,10
321,Order Completed,2019-04-02 19:30:30.398707,2
321,Order Completed,2019-04-02 19:30:30.601080,1
666,Order Completed,2019-04-02 19:30:30.798409,11
666,Order Completed,2019-04-02 19:30:30.996220,10
321,Order Completed,2019-04-02 19:30:31.191278,0
666,Order Completed,2019-04-02 19:30:31.389588,9
666,Order Completed,2019-04-02 19:30:31.587125,8
768,Order Completed,2019-04-02 19:30:31.786357,9
666,Order Completed,2019-04-02 19:30:31.975731,7
666,Order Completed,2019-04-02 19:30:32.176108,6
666,Order Completed,2019-04-02 19:30:32.376690,5
321,Order Failed,2019-04-02 19:30:32.567046,0
546,Order Completed,2019-04-02 19:30:32.763568,4
768,Order Completed,2019-04-02 19:30:32.965539,8
546,Order Completed,2019-04-02 19:30:33.168586,3
768,Order Completed,2019-04-02 19:30:33.363468,7
321,Order Completed,2019-04-02 19:30:33.562316,8
666,Order Completed,2019-04-02 19:30:33.760448,4
321,Order Completed,2019-04-02 19:30:33.956884,7
768,Order Completed,2019-04-02 19:30:34.152563,6
546,Order Completed,2019-04-02 19:30:34.351208,2
546,Order Completed,2019-04-02 19:30:34.544666,1
666,Order Completed,2019-04-02 19:30:34.744979,3
321,Order Completed,2019-04-02 19:30:34.941579,6
321,Order Completed,2019-04-02 19:30:35.138648,5
321,Order Completed,2019-04-02 19:30:35.335033,4
666,Order Completed,2019-04-02 19:30:35.527235,2
321,Order Completed,2019-04-02 19:30:35.723669,3
666,Order Completed,2019-04-02 19:30:35.921048,1
546,Order Completed,2019-04-02 19:30:36.122624,0
321,Order Completed,2019-04-02 19:30:36.318717,2
546,Order Failed,2019-04-02 19:30:36.508314,0
666,Order Completed,2019-04-02 19:30:36.706315,0
321,Order Completed,2019-04-02 19:30:36.903513,1
666,Order Failed,2019-04-02 19:30:37.094383,0
768,Order Completed,2019-04-02 19:30:37.287831,5
546,Order Failed,2019-04-02 19:30:37.476829,0
546,Order Failed,2019-04-02 19:30:37.666802,0
546,Order Failed,2019-04-02 19:30:37.856854,0
321,Order Completed,2019-04-02 19:30:38.046984,0
768,Order Completed,2019-04-02 19:30:38.248100,4
768,Order Completed,2019-04-02 19:30:38.449747,3
546,Order Completed,2019-04-02 19:30:38.652004,5
768,Order Completed,2019-04-02 19:30:38.845947,2
666,Order Completed,2019-04-02 19:30:39.045167,12
768,Order Completed,2019-04-02 19:30:39.246175,1
666,Order Completed,2019-04-02 19:30:39.444336,11
768,Order Completed,2019-04-02 19:30:39.640089,0
768,Order Failed,2019-04-02 19:30:39.828360,0
666,Order Completed,2019-04-02 19:30:40.022776,10
768,Order Failed,2019-04-02 19:30:40.216999,0
768,Order Failed,2019-04-02 19:30:40.405441,0
666,Order Completed,2019-04-02 19:30:40.603803,9
666,Order Completed,2019-04-02 19:30:40.811745,8
546,Order Completed,2019-04-02 19:30:41.027871,4
666,Order Completed,2019-04-02 19:30:41.229114,7
546,Order Completed,2019-04-02 19:30:41.429176,3
546,Order Completed,2019-04-02 19:30:41.628118,2
546,Order Completed,2019-04-02 19:30:41.823873,1
321,Order Completed,2019-04-02 19:30:42.025664,8
546,Order Completed,2019-04-02 19:30:42.224691,0
666,Order Completed,2019-04-02 19:30:42.421927,6
768,Order Failed,2019-04-02 19:30:42.612789,0
546,Order Failed,2019-04-02 19:30:42.799857,0
321,Order Completed,2019-04-02 19:30:42.996863,7
546,Order Failed,2019-04-02 19:30:43.187446,0
768,Order Completed,2019-04-02 19:30:43.387666,12
666,Order Completed,2019-04-02 19:30:43.583730,5
321,Order Completed,2019-04-02 19:30:43.781806,6
666,Order Completed,2019-04-02 19:30:43.973556,4
546,Order Completed,2019-04-02 19:30:44.172888,7
546,Order Completed,2019-04-02 19:30:44.366761,6
321,Order Completed,2019-04-02 19:30:44.563717,5
666,Order Completed,2019-04-02 19:30:44.763864,3
768,Order Completed,2019-04-02 19:30:44.956032,11
768,Order Completed,2019-04-02 19:30:45.151891,10
546,Order Completed,2019-04-02 19:30:45.349531,5
546,Order Completed,2019-04-02 19:30:45.548402,4
546,Order Completed,2019-04-02 19:30:45.743999,3
321,Order Completed,2019-04-02 19:30:45.941634,4
546,Order Completed,2019-04-02 19:30:46.143190,2
768,Order Completed,2019-04-02 19:30:46.341662,9
321,Order Completed,2019-04-02 19:30:46.540133,3
546,Order Completed,2019-04-02 19:30:46.736929,1
666,Order Completed,2019-04-02 19:30:46.932890,2
546,Order Completed,2019-04-02 19:30:47.130776,0
321,Order Completed,2019-04-02 19:30:47.336105,2
546,Order Failed,2019-04-02 19:30:47.526419,0
666,Order Completed,2019-04-02 19:30:47.720473,1
768,Order Completed,2019-04-02 19:30:47.920057,8
768,Order Completed,2019-04-02 19:30:48.116296,7
768,Order Completed,2019-04-02 19:30:48.314087,6
768,Order Completed,2019-04-02 19:30:48.511934,5
546,Order Completed,2019-04-02 19:30:48.704611,6
546,Order Completed,2019-04-02 19:30:48.898610,5
546,Order Completed,2019-04-02 19:30:49.100099,4
546,Order Completed,2019-04-02 19:30:49.296619,3
666,Order Completed,2019-04-02 19:30:49.492739,0
666,Order Failed,2019-04-02 19:30:49.680444,0
666,Order Failed,2019-04-02 19:30:49.870899,0
768,Order Completed,2019-04-02 19:30:50.066273,4
321,Order Completed,2019-04-02 19:30:50.266874,1
321,Order Completed,2019-04-02 19:30:50.466675,0
666,Order Failed,2019-04-02 19:30:50.659930,0
546,Order Completed,2019-04-02 19:30:50.856365,2
768,Order Completed,2019-04-02 19:30:51.053226,3
546,Order Completed,2019-04-02 19:30:51.246865,1
321,Order Failed,2019-04-02 19:30:51.436140,0
546,Order Completed,2019-04-02 19:30:51.632561,0
666,Order Failed,2019-04-02 19:30:51.821039,0
768,Order Completed,2019-04-02 19:30:52.015045,2
666,Order Failed,2019-04-02 19:30:52.211614,0
321,Order Failed,2019-04-02 19:30:52.404293,0
546,Order Failed,2019-04-02 19:30:52.592054,0
546,Order Failed,2019-04-02 19:30:52.781323,0
768,Order Completed,2019-04-02 19:30:52.976902,1
666,Order Failed,2019-04-02 19:30:53.169754,0
321,Order Failed,2019-04-02 19:30:53.358704,0
768,Order Completed,2019-04-02 19:30:53.552440,0
321,Order Completed,2019-04-02 19:30:53.750685,7
768,Order Failed,2019-04-02 19:30:53.943170,0
546,Order Completed,2019-04-02 19:30:54.140775,12
768,Order Failed,2019-04-02 19:30:54.332254,0
546,Order Completed,2019-04-02 19:30:54.533621,11
666,Order Completed,2019-04-02 19:30:54.732640,10
666,Order Completed,2019-04-02 19:30:54.930199,9
546,Order Completed,2019-04-02 19:30:55.125514,10
546,Order Completed,2019-04-02 19:30:55.325526,9
666,Order Completed,2019-04-02 19:30:55.526359,8
768,Order Failed,2019-04-02 19:30:55.713176,0
768,Order Failed,2019-04-02 19:30:55.905155,0
666,Order Completed,2019-04-02 19:30:56.098493,7
666,Order Completed,2019-04-02 19:30:56.293341,6
666,Order Completed,2019-04-02 19:30:56.488517,5
546,Order Completed,2019-04-02 19:30:56.687162,8
546,Order Completed,2019-04-02 19:30:56.882697,7
666,Order Completed,2019-04-02 19:30:57.079306,4
768,Order Failed,2019-04-02 19:30:57.273890,0
321,Order Completed,2019-04-02 19:30:57.471864,6
546,Order Completed,2019-04-02 19:30:57.668097,6
321,Order Completed,2019-04-02 19:30:57.864914,5
768,Order Failed,2019-04-02 19:30:58.056452,0
546,Order Completed,2019-04-02 19:30:58.255282,5
666,Order Completed,2019-04-02 19:30:58.447443,3
666,Order Completed,2019-04-02 19:30:58.647896,2
546,Order Completed,2019-04-02 19:30:58.840907,4
546,Order Completed,2019-04-02 19:30:59.046418,3
666,Order Completed,2019-04-02 19:30:59.247344,1
321,Order Completed,2019-04-02 19:30:59.446105,4
666,Order Completed,2019-04-02 19:30:59.645087,0
768,Order Completed,2019-04-02 19:30:59.846810,9
768,Order Completed,2019-04-02 19:31:00.048156,8
546,Order Completed,2019-04-02 19:31:00.245743,2
546,Order Completed,2019-04-02 19:31:00.441881,1
321,Order Completed,2019-04-02 19:31:00.640827,3
666,Order Failed,2019-04-02 19:31:00.835400,0
546,Order Completed,2019-04-02 19:31:01.034915,0
768,Order Completed,2019-04-02 19:31:01.232443,7
321,Order Completed,2019-04-02 19:31:01.429834,2
768,Order Completed,2019-04-02 19:31:01.628167,6
321,Order Completed,2019-04-02 19:31:01.833735,1
666,Order Failed,2019-04-02 19:31:02.036029,0
768,Order Completed,2019-04-02 19:31:02.237982,5
546,Order Failed,2019-04-02 19:31:02.428765,0
666,Order Failed,2019-04-02 19:31:02.615042,0
321,Order Completed,2019-04-02 19:31:02.808309,0
768,Order Completed,2019-04-02 19:31:03.008729,4
546,Order Failed,2019-04-02 19:31:03.196645,0
546,Order Completed,2019-04-02 19:31:03.391654,7
768,Order Completed,2019-04-02 19:31:03.588926,3
546,Order Completed,2019-04-02 19:31:03.810976,6
546,Order Completed,2019-04-02 19:31:04.016279,5
546,Order Completed,2019-04-02 19:31:04.220871,4
321,Order Completed,2019-04-02 19:31:04.418983,15
321,Order Completed,2019-04-02 19:31:04.615406,14
768,Order Completed,2019-04-02 19:31:04.812031,2
546,Order Completed,2019-04-02 19:31:05.015138,3
768,Order Completed,2019-04-02 19:31:05.216070,1
321,Order Completed,2019-04-02 19:31:05.417249,13
666,Order Completed,2019-04-02 19:31:05.616410,8
666,Order Completed,2019-04-02 19:31:05.813135,7
546,Order Completed,2019-04-02 19:31:06.010824,2
321,Order Completed,2019-04-02 19:31:06.207968,12
768,Order Completed,2019-04-02 19:31:06.406535,0
666,Order Completed,2019-04-02 19:31:06.602592,6
321,Order Completed,2019-04-02 19:31:06.798725,11
546,Order Completed,2019-04-02 19:31:07.001605,1
666,Order Completed,2019-04-02 19:31:07.200540,5
321,Order Completed,2019-04-02 19:31:07.403396,10
666,Order Completed,2019-04-02 19:31:07.594503,4
768,Order Failed,2019-04-02 19:31:07.786676,0
768,Order Failed,2019-04-02 19:31:07.978154,0
666,Order Completed,2019-04-02 19:31:08.179418,3
546,Order Completed,2019-04-02 19:31:08.373601,0
768,Order Completed,2019-04-02 19:31:08.582323,8
666,Order Completed,2019-04-02 19:31:08.779172,2
768,Order Completed,2019-04-02 19:31:08.981460,7
768,Order Completed,2019-04-02 19:31:09.179962,6
768,Order Completed,2019-04-02 19:31:09.376483,5
546,Order Completed,2019-04-02 19:31:09.574723,15
546,Order Completed,2019-04-02 19:31:09.776411,14
321,Order Completed,2019-04-02 19:31:09.972229,9
546,Order Completed,2019-04-02 19:31:10.168898,13
546,Order Completed,2019-04-02 19:31:10.365901,12
321,Order Completed,2019-04-02 19:31:10.562833,8
546,Order Completed,2019-04-02 19:31:10.756590,11
321,Order Completed,2019-04-02 19:31:10.957070,7
768,Order Completed,2019-04-02 19:31:11.155601,4
321,Order Completed,2019-04-02 19:31:11.358544,6
321,Order Completed,2019-04-02 19:31:11.557069,5
321,Order Completed,2019-04-02 19:31:11.756267,4
321,Order Completed,2019-04-02 19:31:11.954626,3
321,Order Completed,2019-04-02 19:31:12.158135,2
666,Order Completed,2019-04-02 19:31:12.358043,1
666,Order Completed,2019-04-02 19:31:12.556439,0
666,Order Failed,2019-04-02 19:31:12.749246,0
666,Order Failed,2019-04-02 19:31:12.934291,0
666,Order Failed,2019-04-02 19:31:13.127876,0
768,Order Completed,2019-04-02 19:31:13.328910,3
768,Order Completed,2019-04-02 19:31:13.530229,2
546,Order Completed,2019-04-02 19:31:13.730474,10
666,Order Completed,2019-04-02 19:31:13.927515,13
666,Order Completed,2019-04-02 19:31:14.128722,12
546,Order Completed,2019-04-02 19:31:14.328373,9
768,Order Completed,2019-04-02 19:31:14.524323,1
321,Order Completed,2019-04-02 19:31:14.721226,1
546,Order Completed,2019-04-02 19:31:14.919254,8
768,Order Completed,2019-04-02 19:31:15.116111,0
546,Order Completed,2019-04-02 19:31:15.316307,7
546,Order Completed,2019-04-02 19:31:15.516722,6
546,Order Completed,2019-04-02 19:31:15.713605,5
546,Order Completed,2019-04-02 19:31:15.910887,4
546,Order Completed,2019-04-02 19:31:16.112863,3
768,Order Failed,2019-04-02 19:31:16.302159,0
321,Order Completed,2019-04-02 19:31:16.501776,0
768,Order Failed,2019-04-02 19:31:16.697389,0
768,Order Failed,2019-04-02 19:31:16.889685,0
768,Order Failed,2019-04-02 19:31:17.078235,0
666,Order Completed,2019-04-02 19:31:17.276136,11
768,Order Failed,2019-04-02 19:31:17.467570,0
546,Order Completed,2019-04-02 19:31:17.663333,2
546,Order Completed,2019-04-02 19:31:17.859746,1
768,Order Failed,2019-04-02 19:31:18.054852,0
666,Order Completed,2019-04-02 19:31:18.249382,10
546,Order Completed,2019-04-02 19:31:18.443345,0
666,Order Completed,2019-04-02 19:31:18.647329,9
546,Order Failed,2019-04-02 19:31:18.839825,0
546,Order Failed,2019-04-02 19:31:19.030637,0
666,Order Completed,2019-04-02 19:31:19.227527,8
321,Order Completed,2019-04-02 19:31:19.433377,8
546,Order Failed,2019-04-02 19:31:19.622138,0
546,Order Failed,2019-04-02 19:31:19.814522,0
321,Order Completed,2019-04-02 19:31:20.014797,7
321,Order Completed,2019-04-02 19:31:20.212567,6
768,Order Completed,2019-04-02 19:31:20.414630,8
768,Order Completed,2019-04-02 19:31:20.609135,7
666,Order Completed,2019-04-02 19:31:20.801116,7
546,Order Failed,2019-04-02 19:31:20.995217,0
321,Order Completed,2019-04-02 19:31:21.189512,5
546,Order Failed,2019-04-02 19:31:21.382022,0
666,Order Completed,2019-04-02 19:31:21.579400,6
546,Order Failed,2019-04-02 19:31:21.772504,0
666,Order Completed,2019-04-02 19:31:21.971691,5
321,Order Completed,2019-04-02 19:31:22.167349,4
321,Order Completed,2019-04-02 19:31:22.364715,3
666,Order Completed,2019-04-02 19:31:22.563495,4
546,Order Failed,2019-04-02 19:31:22.757909,0
546,Order Failed,2019-04-02 19:31:22.951152,0
321,Order Completed,2019-04-02 19:31:23.150631,2
546,Order Failed,2019-04-02 19:31:23.347337,0
546,Order Completed,2019-04-02 19:31:23.547719,8
768,Order Completed,2019-04-02 19:31:23.751124,6
666,Order Completed,2019-04-02 19:31:23.954355,3
321,Order Completed,2019-04-02 19:31:24.153018,1
666,Order Completed,2019-04-02 19:31:24.346990,2
546,Order Completed,2019-04-02 19:31:24.541913,7
768,Order Completed,2019-04-02 19:31:24.739437,5
768,Order Completed,2019-04-02 19:31:24.942083,4
768,Order Completed,2019-04-02 19:31:25.139235,3
321,Order Completed,2019-04-02 19:31:25.340932,0
768,Order Completed,2019-04-02 19:31:25.539793,2
321,Order Failed,2019-04-02 19:31:25.729343,0
321,Order Failed,2019-04-02 19:31:25.916723,0
666,Order Completed,2019-04-02 19:31:26.113847,1
546,Order Completed,2019-04-02 19:31:26.314906,6
768,Order Completed,2019-04-02 19:31:26.517184,1
321,Order Failed,2019-04-02 19:31:26.708860,0
768,Order Completed,2019-04-02 19:31:26.907062,0
768,Order Failed,2019-04-02 19:31:27.096186,0
666,Order Completed,2019-04-02 19:31:27.293553,0
546,Order Completed,2019-04-02 19:31:27.488850,5
666,Order Failed,2019-04-02 19:31:27.680042,0
321,Order Failed,2019-04-02 19:31:27.868559,0
666,Order Failed,2019-04-02 19:31:28.057943,0
546,Order Completed,2019-04-02 19:31:28.255697,4
321,Order Completed,2019-04-02 19:31:28.455547,15
546,Order Completed,2019-04-02 19:31:28.655869,3
546,Order Completed,2019-04-02 19:31:28.857757,2
546,Order Completed,2019-04-02 19:31:29.056834,1
666,Order Completed,2019-04-02 19:31:29.256992,11
666,Order Completed,2019-04-02 19:31:29.455646,10
666,Order Completed,2019-04-02 19:31:29.654931,9
666,Order Completed,2019-04-02 19:31:29.857081,8
768,Order Completed,2019-04-02 19:31:30.061520,10
768,Order Completed,2019-04-02 19:31:30.260187,9
546,Order Completed,2019-04-02 19:31:30.457919,0
768,Order Completed,2019-04-02 19:31:30.652986,8
666,Order Completed,2019-04-02 19:31:30.853506,7
768,Order Completed,2019-04-02 19:31:31.052012,7
666,Order Completed,2019-04-02 19:31:31.252088,6
321,Order Completed,2019-04-02 19:31:31.449028,14
768,Order Completed,2019-04-02 19:31:31.647896,6
768,Order Completed,2019-04-02 19:31:31.845665,5
666,Order Completed,2019-04-02 19:31:32.043555,5
321,Order Completed,2019-04-02 19:31:32.242622,13
768,Order Completed,2019-04-02 19:31:32.442064,4
666,Order Completed,2019-04-02 19:31:32.636567,4
321,Order Completed,2019-04-02 19:31:32.837374,12
768,Order Completed,2019-04-02 19:31:33.036661,3
546,Order Failed,2019-04-02 19:31:33.229669,0
768,Order Completed,2019-04-02 19:31:33.435521,2
321,Order Completed,2019-04-02 19:31:33.631089,11
321,Order Completed,2019-04-02 19:31:33.829984,10
321,Order Completed,2019-04-02 19:31:34.028892,9
768,Order Completed,2019-04-02 19:31:34.230535,1
768,Order Completed,2019-04-02 19:31:34.435048,0
546,Order Completed,2019-04-02 19:31:34.635009,13
666,Order Completed,2019-04-02 19:31:34.838353,3
768,Order Failed,2019-04-02 19:31:35.030564,0
666,Order Completed,2019-04-02 19:31:35.230810,2
666,Order Completed,2019-04-02 19:31:35.430662,1
546,Order Completed,2019-04-02 19:31:35.630844,12
546,Order Completed,2019-04-02 19:31:35.832101,11
546,Order Completed,2019-04-02 19:31:36.029631,10
666,Order Completed,2019-04-02 19:31:36.232311,0
546,Order Completed,2019-04-02 19:31:36.434314,9
546,Order Completed,2019-04-02 19:31:36.638638,8
666,Order Failed,2019-04-02 19:31:36.829618,0
546,Order Completed,2019-04-02 19:31:37.026233,7
321,Order Completed,2019-04-02 19:31:37.219941,8
321,Order Completed,2019-04-02 19:31:37.416392,7
666,Order Failed,2019-04-02 19:31:37.608892,0
768,Order Failed,2019-04-02 19:31:37.799534,0
666,Order Failed,2019-04-02 19:31:37.989844,0
666,Order Failed,2019-04-02 19:31:38.181362,0
321,Order Completed,2019-04-02 19:31:38.383958,6
546,Order Completed,2019-04-02 19:31:38.577237,6
546,Order Completed,2019-04-02 19:31:38.775762,5
321,Order Completed,2019-04-02 19:31:38.973902,5
546,Order Completed,2019-04-02 19:31:39.174211,4
321,Order Completed,2019-04-02 19:31:39.374414,4
321,Order Completed,2019-04-02 19:31:39.573426,3
546,Order Completed,2019-04-02 19:31:39.773587,3
546,Order Completed,2019-04-02 19:31:39.975693,2
666,Order Completed,2019-04-02 19:31:40.172111,13
546,Order Completed,2019-04-02 19:31:40.369245,1
666,Order Completed,2019-04-02 19:31:40.560844,12
321,Order Completed,2019-04-02 19:31:40.754878,2
546,Order Completed,2019-04-02 19:31:40.953387,0
546,Order Failed,2019-04-02 19:31:41.149014,0
666,Order Completed,2019-04-02 19:31:41.350442,11
546,Order Failed,2019-04-02 19:31:41.545527,0
768,Order Completed,2019-04-02 19:31:41.741493,6
666,Order Completed,2019-04-02 19:31:41.939339,10
321,Order Completed,2019-04-02 19:31:42.135511,1
666,Order Completed,2019-04-02 19:31:42.342946,9
546,Order Failed,2019-04-02 19:31:42.542711,0
321,Order Completed,2019-04-02 19:31:42.739494,0
546,Order Failed,2019-04-02 19:31:42.931495,0
546,Order Failed,2019-04-02 19:31:43.123228,0
768,Order Completed,2019-04-02 19:31:43.325044,5
666,Order Completed,2019-04-02 19:31:43.530918,8
321,Order Completed,2019-04-02 19:31:43.744034,8
666,Order Completed,2019-04-02 19:31:43.948736,7
321,Order Completed,2019-04-02 19:31:44.149732,7
546,Order Completed,2019-04-02 19:31:44.346709,5
321,Order Completed,2019-04-02 19:31:44.546075,6
768,Order Completed,2019-04-02 19:31:44.738482,4
666,Order Completed,2019-04-02 19:31:44.937456,6
666,Order Completed,2019-04-02 19:31:45.135940,5
768,Order Completed,2019-04-02 19:31:45.337865,3
321,Order Completed,2019-04-02 19:31:45.537401,5
321,Order Completed,2019-04-02 19:31:45.739736,4
546,Order Completed,2019-04-02 19:31:45.944128,4
666,Order Completed,2019-04-02 19:31:46.140407,4
768,Order Completed,2019-04-02 19:31:46.343175,2
321,Order Completed,2019-04-02 19:31:46.544209,3
666,Order Completed,2019-04-02 19:31:46.745089,3
321,Order Completed,2019-04-02 19:31:46.945966,2
768,Order Completed,2019-04-02 19:31:47.141898,1
666,Order Completed,2019-04-02 19:31:47.342433,2
546,Order Completed,2019-04-02 19:31:47.544883,3
546,Order Completed,2019-04-02 19:31:47.748613,2
321,Order Completed,2019-04-02 19:31:47.950022,1
321,Order Completed,2019-04-02 19:31:48.150984,0
321,Order Failed,2019-04-02 19:31:48.342497,0
321,Order Completed,2019-04-02 19:31:48.541938,11
666,Order Completed,2019-04-02 19:31:48.741851,1
666,Order Completed,2019-04-02 19:31:48.946711,0
768,Order Completed,2019-04-02 19:31:49.149475,0
321,Order Completed,2019-04-02 19:31:49.348892,10
666,Order Failed,2019-04-02 19:31:49.541771,0
321,Order Completed,2019-04-02 19:31:49.742219,9
546,Order Completed,2019-04-02 19:31:49.945617,1
546,Order Completed,2019-04-02 19:31:50.146717,0
768,Order Failed,2019-04-02 19:31:50.338163,0
321,Order Completed,2019-04-02 19:31:50.534823,8
768,Order Failed,2019-04-02 19:31:50.723021,0
321,Order Completed,2019-04-02 19:31:50.924975,7
321,Order Completed,2019-04-02 19:31:51.122939,6
666,Order Failed,2019-04-02 19:31:51.315970,0
666,Order Failed,2019-04-02 19:31:51.508966,0
321,Order Completed,2019-04-02 19:31:51.708638,5
321,Order Completed,2019-04-02 19:31:51.909396,4
666,Order Failed,2019-04-02 19:31:52.103861,0
546,Order Failed,2019-04-02 19:31:52.295616,0
768,Order Failed,2019-04-02 19:31:52.487363,0
666,Order Failed,2019-04-02 19:31:52.675424,0
321,Order Completed,2019-04-02 19:31:52.871536,3
321,Order Completed,2019-04-02 19:31:53.070961,2
546,Order Failed,2019-04-02 19:31:53.260154,0
666,Order Failed,2019-04-02 19:31:53.448812,0
546,Order Completed,2019-04-02 19:31:53.648097,5
321,Order Completed,2019-04-02 19:31:53.843841,1
768,Order Completed,2019-04-02 19:31:54.041426,6
666,Order Completed,2019-04-02 19:31:54.247177,11
666,Order Completed,2019-04-02 19:31:54.457355,10
546,Order Completed,2019-04-02 19:31:54.653819,4
666,Order Completed,2019-04-02 19:31:54.846886,9
768,Order Completed,2019-04-02 19:31:55.042127,5
768,Order Completed,2019-04-02 19:31:55.242718,4
546,Order Completed,2019-04-02 19:31:55.441505,3
321,Order Completed,2019-04-02 19:31:55.642035,0
546,Order Completed,2019-04-02 19:31:55.841385,2
666,Order Completed,2019-04-02 19:31:56.040989,8
666,Order Completed,2019-04-02 19:31:56.242067,7
546,Order Completed,2019-04-02 19:31:56.440956,1
666,Order Completed,2019-04-02 19:31:56.642014,6
321,Order Failed,2019-04-02 19:31:56.841896,0
321,Order Failed,2019-04-02 19:31:57.032964,0
666,Order Completed,2019-04-02 19:31:57.230970,5
768,Order Completed,2019-04-02 19:31:57.430300,3
666,Order Completed,2019-04-02 19:31:57.631103,4
768,Order Completed,2019-04-02 19:31:57.831415,2
321,Order Failed,2019-04-02 19:31:58.024394,0
666,Order Completed,2019-04-02 19:31:58.221403,3
666,Order Completed,2019-04-02 19:31:58.422242,2
321,Order Completed,2019-04-02 19:31:58.619854,7
768,Order Completed,2019-04-02 19:31:58.817245,1
546,Order Completed,2019-04-02 19:31:59.017768,0
768,Order Completed,2019-04-02 19:31:59.214519,0
768,Order Failed,2019-04-02 19:31:59.405841,0
666,Order Completed,2019-04-02 19:31:59.603608,1
321,Order Completed,2019-04-02 19:31:59.799789,6
321,Order Completed,2019-04-02 19:31:59.999394,5
321,Order Completed,2019-04-02 19:32:00.202915,4
321,Order Completed,2019-04-02 19:32:00.403605,3
768,Order Failed,2019-04-02 19:32:00.597506,0
666,Order Completed,2019-04-02 19:32:00.798107,0
546,Order Failed,2019-04-02 19:32:00.989715,0
546,Order Failed,2019-04-02 19:32:01.182057,0
546,Order Failed,2019-04-02 19:32:01.375190,0
321,Order Completed,2019-04-02 19:32:01.577550,2
666,Order Failed,2019-04-02 19:32:01.768708,0
666,Order Failed,2019-04-02 19:32:01.953278,0
321,Order Completed,2019-04-02 19:32:02.149903,1
666,Order Failed,2019-04-02 19:32:02.342349,0
666,Order Failed,2019-04-02 19:32:02.534473,0
768,Order Failed,2019-04-02 19:32:02.723546,0
768,Order Failed,2019-04-02 19:32:02.917138,0
321,Order Completed,2019-04-02 19:32:03.118524,0
768,Order Failed,2019-04-02 19:32:03.310775,0
666,Order Completed,2019-04-02 19:32:03.507372,7
768,Order Completed,2019-04-02 19:32:03.708926,13
546,Order Completed,2019-04-02 19:32:03.905672,13
666,Order Completed,2019-04-02 19:32:04.109589,6
768,Order Completed,2019-04-02 19:32:04.308743,12
321,Order Completed,2019-04-02 19:32:04.508872,10
321,Order Completed,2019-04-02 19:32:04.709142,9
768,Order Completed,2019-04-02 19:32:04.908928,11
321,Order Completed,2019-04-02 19:32:05.109066,8
768,Order Completed,2019-04-02 19:32:05.305315,10
768,Order Completed,2019-04-02 19:32:05.499392,9
768,Order Completed,2019-04-02 19:32:05.696205,8
546,Order Completed,2019-04-02 19:32:05.896152,12
666,Order Completed,2019-04-02 19:32:06.092592,5
321,Order Completed,2019-04-02 19:32:06.293296,7
666,Order Completed,2019-04-02 19:32:06.494453,4
546,Order Completed,2019-04-02 19:32:06.700588,11
666,Order Completed,2019-04-02 19:32:06.897891,3
666,Order Completed,2019-04-02 19:32:07.097259,2
768,Order Completed,2019-04-02 19:32:07.293662,7
546,Order Completed,2019-04-02 19:32:07.494186,10
768,Order Completed,2019-04-02 19:32:07.695449,6
666,Order Completed,2019-04-02 19:32:07.896109,1
546,Order Completed,2019-04-02 19:32:08.097638,9
546,Order Completed,2019-04-02 19:32:08.296422,8
321,Order Completed,2019-04-02 19:32:08.500059,6
666,Order Completed,2019-04-02 19:32:08.696907,0
321,Order Completed,2019-04-02 19:32:08.894841,5
666,Order Failed,2019-04-02 19:32:09.085888,0
768,Order Completed,2019-04-02 19:32:09.283114,5
666,Order Failed,2019-04-02 19:32:09.474259,0
321,Order Completed,2019-04-02 19:32:09.669738,4
666,Order Failed,2019-04-02 19:32:09.860602,0
768,Order Completed,2019-04-02 19:32:10.060811,4
321,Order Completed,2019-04-02 19:32:10.260034,3
321,Order Completed,2019-04-02 19:32:10.464735,2
546,Order Completed,2019-04-02 19:32:10.665880,7
768,Order Completed,2019-04-02 19:32:10.866495,3
321,Order Completed,2019-04-02 19:32:11.068122,1
546,Order Completed,2019-04-02 19:32:11.269192,6
546,Order Completed,2019-04-02 19:32:11.474016,5
666,Order Failed,2019-04-02 19:32:11.668278,0
666,Order Failed,2019-04-02 19:32:11.857991,0
666,Order Failed,2019-04-02 19:32:12.048920,0
546,Order Completed,2019-04-02 19:32:12.249417,4
321,Order Completed,2019-04-02 19:32:12.449242,0
666,Order Failed,2019-04-02 19:32:12.642915,0
666,Order Failed,2019-04-02 19:32:12.834791,0
768,Order Completed,2019-04-02 19:32:13.030117,2
321,Order Failed,2019-04-02 19:32:13.223866,0
666,Order Failed,2019-04-02 19:32:13.412415,0
666,Order Completed,2019-04-02 19:32:13.610937,10
768,Order Completed,2019-04-02 19:32:13.809371,1
546,Order Completed,2019-04-02 19:32:14.009002,3
321,Order Completed,2019-04-02 19:32:14.210741,11
666,Order Completed,2019-04-02 19:32:14.408965,9
666,Order Completed,2019-04-02 19:32:14.610272,8
321,Order Completed,2019-04-02 19:32:14.809642,10
321,Order Completed,2019-04-02 19:32:15.008056,9
546,Order Completed,2019-04-02 19:32:15.207499,2
321,Order Completed,2019-04-02 19:32:15.408026,8
666,Order Completed,2019-04-02 19:32:15.605726,7
321,Order Completed,2019-04-02 19:32:15.803400,7
546,Order Completed,2019-04-02 19:32:16.004232,1
321,Order Completed,2019-04-02 19:32:16.207143,6
321,Order Completed,2019-04-02 19:32:16.407304,5
546,Order Completed,2019-04-02 19:32:16.605335,0
546,Order Failed,2019-04-02 19:32:16.800380,0
768,Order Completed,2019-04-02 19:32:16.997337,0
768,Order Failed,2019-04-02 19:32:17.188540,0
666,Order Completed,2019-04-02 19:32:17.384674,6
666,Order Completed,2019-04-02 19:32:17.581750,5
666,Order Completed,2019-04-02 19:32:17.781109,4
666,Order Completed,2019-04-02 19:32:17.981670,3
768,Order Failed,2019-04-02 19:32:18.174022,0
321,Order Completed,2019-04-02 19:32:18.374993,4
666,Order Completed,2019-04-02 19:32:18.580247,2
546,Order Completed,2019-04-02 19:32:18.777445,11
666,Order Completed,2019-04-02 19:32:18.978371,1
768,Order Completed,2019-04-02 19:32:19.179616,6
321,Order Completed,2019-04-02 19:32:19.379461,3
768,Order Completed,2019-04-02 19:32:19.580320,5
321,Order Completed,2019-04-02 19:32:19.780816,2
546,Order Completed,2019-04-02 19:32:19.982346,10
768,Order Completed,2019-04-02 19:32:20.184336,4
768,Order Completed,2019-04-02 19:32:20.382366,3
666,Order Completed,2019-04-02 19:32:20.583234,0
666,Order Failed,2019-04-02 19:32:20.773750,0
546,Order Completed,2019-04-02 19:32:20.970452,9
768,Order Completed,2019-04-02 19:32:21.170888,2
546,Order Completed,2019-04-02 19:32:21.376314,8
546,Order Completed,2019-04-02 19:32:21.581420,7
768,Order Completed,2019-04-02 19:32:21.782080,1
546,Order Completed,2019-04-02 19:32:21.982287,6
768,Order Completed,2019-04-02 19:32:22.179886,0
768,Order Failed,2019-04-02 19:32:22.369645,0
768,Order Failed,2019-04-02 19:32:22.562878,0
666,Order Failed,2019-04-02 19:32:22.749791,0
768,Order Failed,2019-04-02 19:32:22.941303,0
768,Order Failed,2019-04-02 19:32:23.130223,0
546,Order Completed,2019-04-02 19:32:23.331835,5
546,Order Completed,2019-04-02 19:32:23.531284,4
666,Order Completed,2019-04-02 19:32:23.735625,5
666,Order Completed,2019-04-02 19:32:23.936906,4
768,Order Completed,2019-04-02 19:32:24.138525,10
546,Order Completed,2019-04-02 19:32:24.337689,3
666,Order Completed,2019-04-02 19:32:24.531508,3
546,Order Completed,2019-04-02 19:32:24.732412,2
666,Order Completed,2019-04-02 19:32:24.930862,2
321,Order Completed,2019-04-02 19:32:25.130566,1
768,Order Completed,2019-04-02 19:32:25.327102,9
768,Order Completed,2019-04-02 19:32:25.527905,8
321,Order Completed,2019-04-02 19:32:25.730356,0
768,Order Completed,2019-04-02 19:32:25.931305,7
768,Order Completed,2019-04-02 19:32:26.131474,6
546,Order Completed,2019-04-02 19:32:26.330354,1
768,Order Completed,2019-04-02 19:32:26.531239,5
666,Order Completed,2019-04-02 19:32:26.731907,1
546,Order Completed,2019-04-02 19:32:26.930617,0
321,Order Failed,2019-04-02 19:32:27.124125,0
321,Order Failed,2019-04-02 19:32:27.310786,0
768,Order Completed,2019-04-02 19:32:27.505551,4
768,Order Completed,2019-04-02 19:32:27.707387,3
546,Order Failed,2019-04-02 19:32:27.901521,0
666,Order Completed,2019-04-02 19:32:28.101429,0
546,Order Failed,2019-04-02 19:32:28.296410,0
546,Order Failed,2019-04-02 19:32:28.490451,0
768,Order Completed,2019-04-02 19:32:28.689257,2
546,Order Completed,2019-04-02 19:32:28.888853,12
546,Order Completed,2019-04-02 19:32:29.086346,11
666,Order Completed,2019-04-02 19:32:29.289447,11
666,Order Completed,2019-04-02 19:32:29.494090,10
666,Order Completed,2019-04-02 19:32:29.695972,9
666,Order Completed,2019-04-02 19:32:29.896811,8
666,Order Completed,2019-04-02 19:32:30.096792,7
768,Order Completed,2019-04-02 19:32:30.297627,1
546,Order Completed,2019-04-02 19:32:30.498652,10
666,Order Completed,2019-04-02 19:32:30.696810,6
768,Order Completed,2019-04-02 19:32:30.895636,0
546,Order Completed,2019-04-02 19:32:31.093561,9
768,Order Failed,2019-04-02 19:32:31.288985,0
768,Order Failed,2019-04-02 19:32:31.482580,0
666,Order Completed,2019-04-02 19:32:31.682217,5
666,Order Completed,2019-04-02 19:32:31.876810,4
768,Order Failed,2019-04-02 19:32:32.071181,0
666,Order Completed,2019-04-02 19:32:32.271365,3
321,Order Completed,2019-04-02 19:32:32.473791,13
321,Order Completed,2019-04-02 19:32:32.675275,12
768,Order Failed,2019-04-02 19:32:32.873827,0
321,Order Completed,2019-04-02 19:32:33.075785,11
546,Order Completed,2019-04-02 19:32:33.275089,8
321,Order Completed,2019-04-02 19:32:33.476751,10
321,Order Completed,2019-04-02 19:32:33.678632,9
666,Order Completed,2019-04-02 19:32:33.883045,2
666,Order Completed,2019-04-02 19:32:34.082545,1
768,Order Completed,2019-04-02 19:32:34.287207,8
666,Order Completed,2019-04-02 19:32:34.492773,0
321,Order Completed,2019-04-02 19:32:34.694559,8
768,Order Completed,2019-04-02 19:32:34.898356,7
321,Order Completed,2019-04-02 19:32:35.098113,7
666,Order Failed,2019-04-02 19:32:35.289844,0
768,Order Completed,2019-04-02 19:32:35.487366,6
546,Order Completed,2019-04-02 19:32:35.690601,7
666,Order Failed,2019-04-02 19:32:35.890045,0
666,Order Failed,2019-04-02 19:32:36.083083,0
546,Order Completed,2019-04-02 19:32:36.279181,6
321,Order Completed,2019-04-02 19:32:36.474315,6
546,Order Completed,2019-04-02 19:32:36.671183,5
768,Order Completed,2019-04-02 19:32:36.875093,5
768,Order Completed,2019-04-02 19:32:37.081181,4
321,Order Completed,2019-04-02 19:32:37.276584,5
546,Order Completed,2019-04-02 19:32:37.476205,4
546,Order Completed,2019-04-02 19:32:37.676817,3
666,Order Failed,2019-04-02 19:32:37.867156,0
546,Order Completed,2019-04-02 19:32:38.062682,2
321,Order Completed,2019-04-02 19:32:38.261704,4
546,Order Completed,2019-04-02 19:32:38.462028,1
666,Order Completed,2019-04-02 19:32:38.668151,5
546,Order Completed,2019-04-02 19:32:38.867108,0
546,Order Failed,2019-04-02 19:32:39.056162,0
666,Order Completed,2019-04-02 19:32:39.265062,4
546,Order Failed,2019-04-02 19:32:39.470648,0
321,Order Completed,2019-04-02 19:32:39.677305,3
768,Order Completed,2019-04-02 19:32:39.880843,3
768,Order Completed,2019-04-02 19:32:40.082679,2
321,Order Completed,2019-04-02 19:32:40.293018,2
666,Order Completed,2019-04-02 19:32:40.496247,3
321,Order Completed,2019-04-02 19:32:40.698040,1
768,Order Completed,2019-04-02 19:32:40.903843,1
768,Order Completed,2019-04-02 19:32:41.106211,0
768,Order Failed,2019-04-02 19:32:41.300401,0
321,Order Completed,2019-04-02 19:32:41.498544,0
666,Order Completed,2019-04-02 19:32:41.697508,2
666,Order Completed,2019-04-02 19:32:41.903950,1
666,Order Completed,2019-04-02 19:32:42.105373,0
666,Order Failed,2019-04-02 19:32:42.296255,0
546,Order Failed,2019-04-02 19:32:42.483185,0
768,Order Failed,2019-04-02 19:32:42.675273,0
321,Order Failed,2019-04-02 19:32:42.865777,0
546,Order Failed,2019-04-02 19:32:43.055737,0
321,Order Failed,2019-04-02 19:32:43.253619,0
666,Order Failed,2019-04-02 19:32:43.449432,0
768,Order Completed,2019-04-02 19:32:43.652327,15
768,Order Completed,2019-04-02 19:32:43.852421,14
768,Order Completed,2019-04-02 19:32:44.053393,13
321,Order Completed,2019-04-02 19:32:44.257919,7
666,Order Completed,2019-04-02 19:32:44.457369,14
321,Order Completed,2019-04-02 19:32:44.658561,6
666,Order Completed,2019-04-02 19:32:44.854092,13
666,Order Completed,2019-04-02 19:32:45.050841,12
768,Order Completed,2019-04-02 19:32:45.252632,12
768,Order Completed,2019-04-02 19:32:45.451042,11
768,Order Completed,2019-04-02 19:32:45.651454,10
546,Order Completed,2019-04-02 19:32:45.843574,9
321,Order Completed,2019-04-02 19:32:46.047695,5
666,Order Completed,2019-04-02 19:32:46.252839,11
546,Order Completed,2019-04-02 19:32:46.453101,8
666,Order Completed,2019-04-02 19:32:46.652312,10
666,Order Completed,2019-04-02 19:32:46.847545,9
321,Order Completed,2019-04-02 19:32:47.046149,4
321,Order Completed,2019-04-02 19:32:47.245724,3
321,Order Completed,2019-04-02 19:32:47.444633,2
321,Order Completed,2019-04-02 19:32:47.644476,1
666,Order Completed,2019-04-02 19:32:47.845603,8
321,Order Completed,2019-04-02 19:32:48.045692,0
666,Order Completed,2019-04-02 19:32:48.245509,7
321,Order Failed,2019-04-02 19:32:48.436109,0
666,Order Completed,2019-04-02 19:32:48.639330,6
666,Order Completed,2019-04-02 19:32:48.851725,5
321,Order Completed,2019-04-02 19:32:49.054437,14
666,Order Completed,2019-04-02 19:32:49.256866,4
321,Order Completed,2019-04-02 19:32:49.455382,13
321,Order Completed,2019-04-02 19:32:49.653921,12
666,Order Completed,2019-04-02 19:32:49.855902,3
546,Order Completed,2019-04-02 19:32:50.059773,7
666,Order Completed,2019-04-02 19:32:50.260126,2
546,Order Completed,2019-04-02 19:32:50.460305,6
666,Order Completed,2019-04-02 19:32:50.657447,1
321,Order Completed,2019-04-02 19:32:50.860127,11
546,Order Completed,2019-04-02 19:32:51.060016,5
666,Order Completed,2019-04-02 19:32:51.264444,0
546,Order Completed,2019-04-02 19:32:51.465590,4
321,Order Completed,2019-04-02 19:32:51.664703,10
321,Order Completed,2019-04-02 19:32:51.861490,9
546,Order Completed,2019-04-02 19:32:52.066232,3
666,Order Failed,2019-04-02 19:32:52.255138,0
768,Order Completed,2019-04-02 19:32:52.455997,9
768,Order Completed,2019-04-02 19:32:52.655572,8
321,Order Completed,2019-04-02 19:32:52.853144,8
546,Order Completed,2019-04-02 19:32:53.052608,2
768,Order Completed,2019-04-02 19:32:53.251518,7
546,Order Completed,2019-04-02 19:32:53.443835,1
321,Order Completed,2019-04-02 19:32:53.646292,7
321,Order Completed,2019-04-02 19:32:53.843384,6
321,Order Completed,2019-04-02 19:32:54.047220,5
546,Order Completed,2019-04-02 19:32:54.256919,0
321,Order Completed,2019-04-02 19:32:54.453742,4
666,Order Completed,2019-04-02 19:32:54.652251,10
321,Order Completed,2019-04-02 19:32:54.850737,3
546,Order Failed,2019-04-02 19:32:55.042474,0
666,Order Completed,2019-04-02 19:32:55.241872,9
768,Order Completed,2019-04-02 19:32:55.446130,6
321,Order Completed,2019-04-02 19:32:55.649657,2
666,Order Completed,2019-04-02 19:32:55.852080,8
546,Order Failed,2019-04-02 19:32:56.044232,0
321,Order Completed,2019-04-02 19:32:56.243358,1
666,Order Completed,2019-04-02 19:32:56.447317,7
321,Order Completed,2019-04-02 19:32:56.652379,0
546,Order Failed,2019-04-02 19:32:56.844837,0
321,Order Failed,2019-04-02 19:32:57.034046,0
321,Order Failed,2019-04-02 19:32:57.225622,0
666,Order Completed,2019-04-02 19:32:57.425429,6
666,Order Completed,2019-04-02 19:32:57.623291,5
768,Order Completed,2019-04-02 19:32:57.823230,5
768,Order Completed,2019-04-02 19:32:58.024013,4
546,Order Failed,2019-04-02 19:32:58.216215,0
666,Order Completed,2019-04-02 19:32:58.412240,4
546,Order Completed,2019-04-02 19:32:58.626002,9
546,Order Completed,2019-04-02 19:32:58.834103,8
546,Order Completed,2019-04-02 19:32:59.049669,7
666,Order Completed,2019-04-02 19:32:59.257515,3
321,Order Completed,2019-04-02 19:32:59.457505,9
546,Order Completed,2019-04-02 19:32:59.663455,6
546,Order Completed,2019-04-02 19:32:59.860775,5
666,Order Completed,2019-04-02 19:33:00.059080,2
768,Order Completed,2019-04-02 19:33:00.257314,3
546,Order Completed,2019-04-02 19:33:00.459357,4
546,Order Completed,2019-04-02 19:33:00.664055,3
768,Order Completed,2019-04-02 19:33:00.863501,2
321,Order Completed,2019-04-02 19:33:01.065198,8
666,Order Completed,2019-04-02 19:33:01.267220,1
666,Order Completed,2019-04-02 19:33:01.467493,0
768,Order Completed,2019-04-02 19:33:01.671683,1
321,Order Completed,2019-04-02 19:33:01.879164,7
768,Order Completed,2019-04-02 19:33:02.079706,0
321,Order Completed,2019-04-02 19:33:02.278532,6
321,Order Completed,2019-04-02 19:33:02.477142,5
546,Order Completed,2019-04-02 19:33:02.675131,2
321,Order Completed,2019-04-02 19:33:02.876706,4
546,Order Completed,2019-04-02 19:33:03.078511,1
666,Order Failed,2019-04-02 19:33:03.270888,0
321,Order Completed,2019-04-02 19:33:03.472829,3
546,Order Completed,2019-04-02 19:33:03.679911,0
321,Order Completed,2019-04-02 19:33:03.878953,2
321,Order Completed,2019-04-02 19:33:04.079478,1
768,Order Completed,2019-04-02 19:33:04.283808,6
768,Order Completed,2019-04-02 19:33:04.484170,5
321,Order Completed,2019-04-02 19:33:04.685972,0
666,Order Completed,2019-04-02 19:33:04.887383,11
666,Order Completed,2019-04-02 19:33:05.088412,10
768,Order Completed,2019-04-02 19:33:05.291451,4
546,Order Failed,2019-04-02 19:33:05.478774,0
768,Order Completed,2019-04-02 19:33:05.674206,3
321,Order Failed,2019-04-02 19:33:05.869378,0
666,Order Completed,2019-04-02 19:33:06.066968,9
666,Order Completed,2019-04-02 19:33:06.264856,8
546,Order Failed,2019-04-02 19:33:06.452909,0
546,Order Failed,2019-04-02 19:33:06.644662,0
546,Order Failed,2019-04-02 19:33:06.835311,0
321,Order Failed,2019-04-02 19:33:07.025559,0
666,Order Completed,2019-04-02 19:33:07.229658,7
768,Order Completed,2019-04-02 19:33:07.433632,2
666,Order Completed,2019-04-02 19:33:07.638173,6
666,Order Completed,2019-04-02 19:33:07.838369,5
546,Order Failed,2019-04-02 19:33:08.031497,0
666,Order Completed,2019-04-02 19:33:08.233361,4
321,Order Failed,2019-04-02 19:33:08.425422,0
546,Order Completed,2019-04-02 19:33:08.627201,14
666,Order Completed,2019-04-02 19:33:08.832047,3
666,Order Completed,2019-04-02 19:33:09.032970,2
666,Order Completed,2019-04-02 19:33:09.233415,1
546,Order Completed,2019-04-02 19:33:09.433942,13
321,Order Completed,2019-04-02 19:33:09.633768,9
546,Order Completed,2019-04-02 19:33:09.833314,12
546,Order Completed,2019-04-02 19:33:10.032246,11
321,Order Completed,2019-04-02 19:33:10.233162,8
321,Order Completed,2019-04-02 19:33:10.432784,7
666,Order Completed,2019-04-02 19:33:10.632627,0
321,Order Completed,2019-04-02 19:33:10.827944,6
321,Order Completed,2019-04-02 19:33:11.025441,5
321,Order Completed,2019-04-02 19:33:11.226245,4
768,Order Completed,2019-04-02 19:33:11.430569,1
546,Order Completed,2019-04-02 19:33:11.632317,10
546,Order Completed,2019-04-02 19:33:11.831299,9
768,Order Completed,2019-04-02 19:33:12.032479,0
768,Order Failed,2019-04-02 19:33:12.225978,0
666,Order Failed,2019-04-02 19:33:12.416853,0
546,Order Completed,2019-04-02 19:33:12.616510,8
546,Order Completed,2019-04-02 19:33:12.825908,7
666,Order Failed,2019-04-02 19:33:13.016618,0
768,Order Failed,2019-04-02 19:33:13.210249,0
321,Order Completed,2019-04-02 19:33:13.411000,3
768,Order Failed,2019-04-02 19:33:13.602435,0
321,Order Completed,2019-04-02 19:33:13.800615,2
321,Order Completed,2019-04-02 19:33:14.002612,1
321,Order Completed,2019-04-02 19:33:14.204142,0
666,Order Completed,2019-04-02 19:33:14.401619,8
666,Order Completed,2019-04-02 19:33:14.601714,7
768,Order Completed,2019-04-02 19:33:14.800674,5
546,Order Completed,2019-04-02 19:33:14.999707,6
768,Order Completed,2019-04-02 19:33:15.204290,4
768,Order Completed,2019-04-02 19:33:15.406825,3
546,Order Completed,2019-04-02 19:33:15.606941,5
666,Order Completed,2019-04-02 19:33:15.806197,6
321,Order Failed,2019-04-02 19:33:15.997121,0
321,Order Failed,2019-04-02 19:33:16.191824,0
546,Order Completed,2019-04-02 19:33:16.397256,4
666,Order Completed,2019-04-02 19:33:16.597917,5
768,Order Completed,2019-04-02 19:33:16.799909,2
666,Order Completed,2019-04-02 19:33:17.001791,4
768,Order Completed,2019-04-02 19:33:17.202398,1
768,Order Completed,2019-04-02 19:33:17.402568,0
321,Order Failed,2019-04-02 19:33:17.597856,0
321,Order Failed,2019-04-02 19:33:17.791237,0
768,Order Failed,2019-04-02 19:33:17.986100,0
321,Order Failed,2019-04-02 19:33:18.180371,0
546,Order Completed,2019-04-02 19:33:18.380523,3
768,Order Failed,2019-04-02 19:33:18.577662,0
666,Order Completed,2019-04-02 19:33:18.777804,3
321,Order Completed,2019-04-02 19:33:18.976562,5
666,Order Completed,2019-04-02 19:33:19.177544,2
321,Order Completed,2019-04-02 19:33:19.384606,4
768,Order Completed,2019-04-02 19:33:19.613588,15
546,Order Completed,2019-04-02 19:33:19.816814,2
546,Order Completed,2019-04-02 19:33:20.019009,1
768,Order Completed,2019-04-02 19:33:20.224253,14
546,Order Completed,2019-04-02 19:33:20.429211,0
546,Order Failed,2019-04-02 19:33:20.621484,0
546,Order Failed,2019-04-02 19:33:20.812404,0
768,Order Completed,2019-04-02 19:33:21.009688,13
666,Order Completed,2019-04-02 19:33:21.209687,1
321,Order Completed,2019-04-02 19:33:21.412441,3
546,Order Failed,2019-04-02 19:33:21.602273,0
666,Order Completed,2019-04-02 19:33:21.799450,0
321,Order Completed,2019-04-02 19:33:21.995742,2
